Id,class_0,class_1
00eed32682bb,0.6773809523809524,0.3226190476190477
010ebe33f668,0.6773809523809524,0.3226190476190477
02fa521e1838,0.6773809523809524,0.3226190476190477
040e15f562a2,0.6773809523809524,0.3226190476190477
046e85c7cc7f,0.6773809523809524,0.3226190476190477
